<theme>
<formatVersion>7</formatVersion>
<include>./../theme.xml</include>

<view name="basic, detailed, video, grid">
    <text name="nameLabel" extra="true">
    <text>Dragon 32</text>
  </text>
</view>    

<view name="system">
  <text name="sys_line2" extra="true">
    <text>Dragon 32</text>

  </text>    
  <text name="shortdescription" extra="true">
   <text>1982  ·  Home Computer</text>
  </text>
  <text name="longdescription" extra="true">
   <text>The Dragon 32 is a home computer that was built in the 1980s</text>
  </text>
 </view>
</theme>
